uniq_id,clust8_EV1234
user_10 _ 2021-02-19,1
user_10 _ 2021-02-24,1
user_10 _ 2021-02-25,1
user_10 _ 2021-02-26,1
user_10 _ 2021-03-03,1
user_10 _ 2021-03-04,1
user_10 _ 2021-03-05,3
user_10 _ 2021-03-06,1
user_100 _ 2021-03-23,8
user_100 _ 2021-03-24,8
user_100 _ 2021-03-26,7
user_100 _ 2021-03-27,8
user_100 _ 2021-03-28,1
user_100 _ 2021-03-29,8
user_100 _ 2021-03-31,8
user_100 _ 2021-04-01,8
user_100 _ 2021-04-02,6
user_100 _ 2021-04-03,1
user_100 _ 2021-04-04,1
user_100 _ 2021-04-05,1
user_100 _ 2021-04-06,8
user_101 _ 2021-03-23,8
user_101 _ 2021-03-24,1
user_101 _ 2021-03-25,8
user_101 _ 2021-03-26,8
user_101 _ 2021-03-28,1
user_101 _ 2021-03-29,8
user_101 _ 2021-04-01,8
user_101 _ 2021-04-02,8
user_101 _ 2021-04-03,5
user_101 _ 2021-04-04,5
user_101 _ 2021-04-05,8
user_101 _ 2021-04-06,8
user_101 _ 2021-04-07,8
user_101 _ 2021-04-08,8
user_101 _ 2021-04-09,8
user_101 _ 2021-04-10,1
user_101 _ 2021-04-11,1
user_102 _ 2021-03-26,8
user_102 _ 2021-03-31,8
user_102 _ 2021-04-01,8
user_102 _ 2021-04-02,8
user_102 _ 2021-04-03,1
user_102 _ 2021-04-04,1
user_102 _ 2021-04-05,8
user_102 _ 2021-04-06,8
user_102 _ 2021-04-07,8
user_102 _ 2021-04-08,8
user_102 _ 2021-04-09,8
user_103 _ 2021-03-25,1
user_103 _ 2021-03-27,1
user_103 _ 2021-03-28,1
user_103 _ 2021-03-29,1
user_103 _ 2021-03-30,1
user_103 _ 2021-03-31,1
user_103 _ 2021-04-04,1
user_103 _ 2021-04-05,1
user_103 _ 2021-04-06,3
user_103 _ 2021-04-07,1
user_103 _ 2021-04-08,3
user_106 _ 2021-03-26,1
user_106 _ 2021-03-28,1
user_106 _ 2021-03-31,8
user_106 _ 2021-04-01,8
user_106 _ 2021-04-02,3
user_106 _ 2021-04-03,8
user_106 _ 2021-04-05,8
user_106 _ 2021-04-06,1
user_106 _ 2021-04-07,1
user_106 _ 2021-04-08,1
user_106 _ 2021-04-09,1
user_107 _ 2021-03-26,1
user_107 _ 2021-03-27,1
user_107 _ 2021-03-28,8
user_107 _ 2021-03-30,8
user_107 _ 2021-03-31,1
user_107 _ 2021-04-02,1
user_107 _ 2021-04-03,5
user_107 _ 2021-04-04,1
user_107 _ 2021-04-05,1
user_107 _ 2021-04-06,1
user_107 _ 2021-04-07,3
user_107 _ 2021-04-08,1
user_107 _ 2021-04-09,6
user_107 _ 2021-04-10,7
user_107 _ 2021-04-11,1
user_107 _ 2021-04-12,1
user_108 _ 2021-03-26,1
user_108 _ 2021-03-27,1
user_108 _ 2021-03-28,3
user_108 _ 2021-03-29,8
user_108 _ 2021-03-30,1
user_108 _ 2021-03-31,1
user_108 _ 2021-04-03,3
user_108 _ 2021-04-04,1
user_108 _ 2021-04-05,1
user_108 _ 2021-04-06,1
user_108 _ 2021-04-07,1
user_108 _ 2021-04-08,8
user_11 _ 2021-02-23,8
user_11 _ 2021-02-24,8
user_11 _ 2021-02-25,8
user_11 _ 2021-02-26,8
user_11 _ 2021-02-27,1
user_11 _ 2021-02-28,1
user_11 _ 2021-03-02,8
user_11 _ 2021-03-03,8
user_11 _ 2021-03-04,8
user_110 _ 2021-03-27,1
user_110 _ 2021-03-28,1
user_110 _ 2021-03-29,1
user_110 _ 2021-03-30,1
user_110 _ 2021-03-31,1
user_110 _ 2021-04-01,1
user_110 _ 2021-04-02,1
user_110 _ 2021-04-03,1
user_110 _ 2021-04-04,1
user_110 _ 2021-04-05,1
user_110 _ 2021-04-06,1
user_110 _ 2021-04-07,8
user_110 _ 2021-04-09,8
user_110 _ 2021-04-10,1
user_110 _ 2021-04-11,1
user_110 _ 2021-04-14,1
user_110 _ 2021-04-15,1
user_110 _ 2021-04-16,1
user_110 _ 2021-04-17,1
user_110 _ 2021-04-18,1
user_111 _ 2021-03-28,1
user_111 _ 2021-03-29,1
user_111 _ 2021-03-31,1
user_111 _ 2021-04-01,1
user_111 _ 2021-04-02,3
user_111 _ 2021-04-05,8
user_111 _ 2021-04-06,8
user_111 _ 2021-04-07,1
user_111 _ 2021-04-08,8
user_111 _ 2021-04-09,8
user_112 _ 2021-03-27,1
user_112 _ 2021-03-28,1
user_112 _ 2021-03-30,8
user_112 _ 2021-03-31,1
user_112 _ 2021-04-01,1
user_112 _ 2021-04-03,1
user_112 _ 2021-04-04,1
user_112 _ 2021-04-05,1
user_112 _ 2021-04-06,8
user_112 _ 2021-04-07,1
user_112 _ 2021-04-08,1
user_112 _ 2021-04-09,8
user_113 _ 2021-03-27,1
user_113 _ 2021-03-28,1
user_113 _ 2021-03-29,1
user_113 _ 2021-03-30,1
user_113 _ 2021-03-31,1
user_113 _ 2021-04-01,1
user_113 _ 2021-04-02,1
user_113 _ 2021-04-03,1
user_113 _ 2021-04-04,3
user_113 _ 2021-04-05,1
user_113 _ 2021-04-06,1
user_113 _ 2021-04-07,3
user_113 _ 2021-04-08,1
user_113 _ 2021-04-11,1
user_113 _ 2021-04-12,1
user_114 _ 2021-03-28,1
user_114 _ 2021-03-29,1
user_114 _ 2021-03-30,1
user_114 _ 2021-03-31,3
user_114 _ 2021-04-01,1
user_114 _ 2021-04-02,1
user_114 _ 2021-04-03,1
user_114 _ 2021-04-04,4
user_114 _ 2021-04-05,4
user_114 _ 2021-04-06,1
user_114 _ 2021-04-07,3
user_114 _ 2021-04-08,1
user_114 _ 2021-04-09,1
user_114 _ 2021-04-10,4
user_115 _ 2021-03-30,8
user_115 _ 2021-03-31,8
user_115 _ 2021-04-01,8
user_115 _ 2021-04-02,1
user_115 _ 2021-04-03,1
user_115 _ 2021-04-04,3
user_115 _ 2021-04-05,1
user_115 _ 2021-04-06,8
user_115 _ 2021-04-08,8
user_115 _ 2021-04-09,8
user_115 _ 2021-04-10,1
user_115 _ 2021-04-11,3
user_115 _ 2021-04-12,8
user_115 _ 2021-04-13,8
user_116 _ 2021-03-30,1
user_116 _ 2021-03-31,1
user_116 _ 2021-04-01,1
user_116 _ 2021-04-02,1
user_116 _ 2021-04-04,1
user_116 _ 2021-04-05,1
user_116 _ 2021-04-11,1
user_116 _ 2021-04-12,1
user_117 _ 2021-03-30,8
user_117 _ 2021-03-31,8
user_117 _ 2021-04-01,8
user_117 _ 2021-04-02,8
user_117 _ 2021-04-03,1
user_117 _ 2021-04-04,1
user_117 _ 2021-04-05,8
user_117 _ 2021-04-06,8
user_117 _ 2021-04-07,8
user_117 _ 2021-04-08,8
user_117 _ 2021-04-09,8
user_117 _ 2021-04-10,3
user_117 _ 2021-04-11,1
user_117 _ 2021-04-12,8
user_117 _ 2021-04-13,8
user_119 _ 2021-03-31,3
user_119 _ 2021-04-03,3
user_119 _ 2021-04-04,1
user_119 _ 2021-04-05,1
user_12 _ 2021-02-19,8
user_12 _ 2021-02-22,8
user_12 _ 2021-02-23,8
user_12 _ 2021-02-24,8
user_12 _ 2021-03-03,8
user_12 _ 2021-03-05,8
user_12 _ 2021-03-06,1
user_12 _ 2021-03-07,1
user_12 _ 2021-03-08,8
user_12 _ 2021-03-09,8
user_12 _ 2021-03-10,8
user_12 _ 2021-03-11,8
user_12 _ 2021-03-12,8
user_120 _ 2021-04-01,1
user_120 _ 2021-04-02,1
user_120 _ 2021-04-03,3
user_120 _ 2021-04-04,1
user_120 _ 2021-04-05,1
user_120 _ 2021-04-06,1
user_120 _ 2021-04-07,1
user_120 _ 2021-04-08,1
user_120 _ 2021-04-09,1
user_120 _ 2021-04-10,1
user_120 _ 2021-04-11,1
user_120 _ 2021-04-12,1
user_120 _ 2021-04-13,1
user_120 _ 2021-04-14,1
user_120 _ 2021-04-15,1
user_120 _ 2021-04-16,3
user_121 _ 2021-04-02,1
user_121 _ 2021-04-03,3
user_121 _ 2021-04-04,1
user_121 _ 2021-04-05,1
user_121 _ 2021-04-06,8
user_121 _ 2021-04-07,8
user_121 _ 2021-04-09,8
user_121 _ 2021-04-10,1
user_121 _ 2021-04-11,1
user_121 _ 2021-04-12,8
user_121 _ 2021-04-13,8
user_121 _ 2021-04-14,8
user_121 _ 2021-04-15,8
user_121 _ 2021-04-16,8
user_121 _ 2021-04-17,6
user_121 _ 2021-04-18,1
user_121 _ 2021-04-20,8
user_121 _ 2021-04-21,8
user_121 _ 2021-04-22,8
user_122 _ 2021-04-02,1
user_122 _ 2021-04-03,1
user_122 _ 2021-04-04,1
user_122 _ 2021-04-05,1
user_122 _ 2021-04-06,1
user_122 _ 2021-04-07,1
user_122 _ 2021-04-08,1
user_122 _ 2021-04-09,3
user_122 _ 2021-04-10,1
user_122 _ 2021-04-11,1
user_122 _ 2021-04-12,1
user_122 _ 2021-04-13,1
user_122 _ 2021-04-14,1
user_122 _ 2021-04-15,3
user_122 _ 2021-04-16,1
user_122 _ 2021-04-17,3
user_123 _ 2021-04-02,6
user_123 _ 2021-04-03,5
user_123 _ 2021-04-04,1
user_123 _ 2021-04-06,1
user_123 _ 2021-04-08,1
user_123 _ 2021-04-09,1
user_123 _ 2021-04-10,1
user_123 _ 2021-04-11,1
user_123 _ 2021-04-12,1
user_123 _ 2021-04-13,3
user_123 _ 2021-04-14,1
user_123 _ 2021-04-15,3
user_123 _ 2021-04-16,1
user_123 _ 2021-04-17,1
user_123 _ 2021-04-18,1
user_123 _ 2021-04-19,1
user_123 _ 2021-04-21,1
user_123 _ 2021-04-22,1
user_124 _ 2021-04-04,1
user_124 _ 2021-04-05,1
user_124 _ 2021-04-06,1
user_124 _ 2021-04-09,1
user_124 _ 2021-04-10,3
user_124 _ 2021-04-11,1
user_124 _ 2021-04-12,1
user_124 _ 2021-04-13,1
user_124 _ 2021-04-14,1
user_124 _ 2021-04-15,1
user_124 _ 2021-04-16,1
user_125 _ 2021-04-06,8
user_125 _ 2021-04-07,8
user_125 _ 2021-04-08,6
user_125 _ 2021-04-09,8
user_125 _ 2021-04-10,3
user_125 _ 2021-04-11,3
user_125 _ 2021-04-12,8
user_125 _ 2021-04-13,8
user_125 _ 2021-04-14,6
user_125 _ 2021-04-15,8
user_125 _ 2021-04-16,8
user_125 _ 2021-04-17,1
user_125 _ 2021-04-18,1
user_125 _ 2021-04-19,8
user_125 _ 2021-04-20,8
user_125 _ 2021-04-21,8
user_126 _ 2021-04-09,7
user_126 _ 2021-04-10,3
user_126 _ 2021-04-11,6
user_126 _ 2021-04-12,8
user_126 _ 2021-04-14,7
user_126 _ 2021-04-15,1
user_126 _ 2021-04-16,8
user_126 _ 2021-04-17,3
user_126 _ 2021-04-18,3
user_126 _ 2021-04-19,8
user_126 _ 2021-04-20,8
user_127 _ 2021-04-06,8
user_127 _ 2021-04-07,6
user_127 _ 2021-04-08,6
user_127 _ 2021-04-09,3
user_127 _ 2021-04-10,6
user_127 _ 2021-04-11,5
user_127 _ 2021-04-12,1
user_128 _ 2021-04-06,1
user_128 _ 2021-04-07,1
user_129 _ 2021-04-07,1
user_129 _ 2021-04-08,1
user_129 _ 2021-04-09,1
user_129 _ 2021-04-10,1
user_129 _ 2021-04-11,8
user_129 _ 2021-04-12,1
user_129 _ 2021-04-14,1
user_129 _ 2021-04-15,1
user_129 _ 2021-04-16,1
user_129 _ 2021-04-17,1
user_129 _ 2021-04-18,1
user_129 _ 2021-04-19,1
user_129 _ 2021-04-20,1
user_129 _ 2021-04-21,1
user_129 _ 2021-04-22,1
user_129 _ 2021-04-23,1
user_129 _ 2021-04-24,1
user_13 _ 2021-02-19,8
user_13 _ 2021-02-20,5
user_13 _ 2021-02-21,5
user_13 _ 2021-02-22,8
user_13 _ 2021-02-24,8
user_13 _ 2021-02-25,8
user_13 _ 2021-02-26,3
user_13 _ 2021-02-27,8
user_13 _ 2021-02-28,1
user_13 _ 2021-03-01,1
user_13 _ 2021-03-02,8
user_13 _ 2021-03-03,1
user_13 _ 2021-03-04,1
user_13 _ 2021-03-05,3
user_13 _ 2021-03-06,3
user_13 _ 2021-03-07,8
user_130 _ 2021-04-07,3
user_130 _ 2021-04-08,1
user_130 _ 2021-04-09,1
user_130 _ 2021-04-10,3
user_130 _ 2021-04-13,1
user_130 _ 2021-04-14,1
user_130 _ 2021-04-15,1
user_130 _ 2021-04-16,1
user_130 _ 2021-04-17,3
user_130 _ 2021-04-18,1
user_130 _ 2021-04-19,1
user_130 _ 2021-04-20,1
user_131 _ 2021-04-06,8
user_131 _ 2021-04-07,8
user_131 _ 2021-04-08,3
user_131 _ 2021-04-09,8
user_131 _ 2021-04-10,3
user_131 _ 2021-04-11,3
user_131 _ 2021-04-12,1
user_131 _ 2021-04-13,8
user_131 _ 2021-04-14,8
user_131 _ 2021-04-15,8
user_131 _ 2021-04-16,8
user_131 _ 2021-04-17,3
user_131 _ 2021-04-18,3
user_132 _ 2021-04-06,1
user_132 _ 2021-04-07,1
user_132 _ 2021-04-08,1
user_132 _ 2021-04-09,1
user_132 _ 2021-04-10,3
user_132 _ 2021-04-11,1
user_132 _ 2021-04-12,1
user_132 _ 2021-04-13,1
user_132 _ 2021-04-14,1
user_132 _ 2021-04-15,1
user_132 _ 2021-04-16,1
user_132 _ 2021-04-17,1
user_132 _ 2021-04-18,1
user_132 _ 2021-04-19,1
user_132 _ 2021-04-20,1
user_133 _ 2021-04-06,8
user_133 _ 2021-04-07,8
user_133 _ 2021-04-08,8
user_133 _ 2021-04-09,8
user_133 _ 2021-04-10,1
user_133 _ 2021-04-11,1
user_133 _ 2021-04-12,8
user_133 _ 2021-04-13,8
user_133 _ 2021-04-14,8
user_133 _ 2021-04-15,8
user_133 _ 2021-04-16,8
user_133 _ 2021-04-17,1
user_133 _ 2021-04-18,6
user_133 _ 2021-04-19,8
user_135 _ 2021-04-11,5
user_135 _ 2021-04-12,7
user_135 _ 2021-04-13,7
user_135 _ 2021-04-14,7
user_135 _ 2021-04-15,7
user_135 _ 2021-04-16,7
user_135 _ 2021-04-17,7
user_135 _ 2021-04-18,7
user_135 _ 2021-04-20,5
user_135 _ 2021-04-21,7
user_135 _ 2021-04-22,7
user_135 _ 2021-04-23,7
user_135 _ 2021-04-24,7
user_135 _ 2021-04-26,7
user_135 _ 2021-04-27,7
user_138 _ 2021-04-08,5
user_138 _ 2021-04-09,6
user_138 _ 2021-04-10,3
user_138 _ 2021-04-11,1
user_138 _ 2021-04-12,1
user_138 _ 2021-04-13,8
user_138 _ 2021-04-14,8
user_138 _ 2021-04-15,1
user_138 _ 2021-04-16,8
user_138 _ 2021-04-17,3
user_138 _ 2021-04-18,1
user_138 _ 2021-04-19,1
user_138 _ 2021-04-20,8
user_138 _ 2021-04-22,1
user_138 _ 2021-04-23,8
user_138 _ 2021-04-24,1
user_138 _ 2021-04-25,1
user_139 _ 2021-04-07,1
user_139 _ 2021-04-08,3
user_139 _ 2021-04-10,1
user_139 _ 2021-04-13,1
user_139 _ 2021-04-14,1
user_139 _ 2021-04-16,1
user_139 _ 2021-04-17,1
user_139 _ 2021-04-18,1
user_139 _ 2021-04-19,1
user_139 _ 2021-04-22,1
user_139 _ 2021-04-23,1
user_14 _ 2021-02-19,1
user_14 _ 2021-02-20,1
user_14 _ 2021-02-21,1
user_14 _ 2021-02-22,1
user_14 _ 2021-02-23,1
user_14 _ 2021-02-25,1
user_14 _ 2021-02-26,1
user_14 _ 2021-02-27,1
user_14 _ 2021-02-28,1
user_14 _ 2021-03-01,1
user_14 _ 2021-03-02,1
user_14 _ 2021-03-03,1
user_14 _ 2021-03-04,1
user_14 _ 2021-03-05,1
user_14 _ 2021-03-06,1
user_14 _ 2021-03-07,3
user_140 _ 2021-04-08,8
user_140 _ 2021-04-09,3
user_140 _ 2021-04-10,8
user_140 _ 2021-04-11,1
user_140 _ 2021-04-12,1
user_140 _ 2021-04-13,8
user_141 _ 2021-04-07,1
user_141 _ 2021-04-19,1
user_141 _ 2021-04-21,1
user_141 _ 2021-04-23,1
user_142 _ 2021-04-08,4
user_142 _ 2021-04-09,3
user_142 _ 2021-04-11,1
user_142 _ 2021-04-12,1
user_142 _ 2021-04-13,1
user_142 _ 2021-04-14,5
user_142 _ 2021-04-15,6
user_142 _ 2021-04-16,6
user_142 _ 2021-04-18,5
user_142 _ 2021-04-19,1
user_142 _ 2021-04-20,1
user_142 _ 2021-04-21,1
user_143 _ 2021-04-11,3
user_143 _ 2021-04-13,7
user_143 _ 2021-04-14,1
user_143 _ 2021-04-15,1
user_143 _ 2021-04-16,1
user_144 _ 2021-04-09,2
user_144 _ 2021-04-10,1
user_144 _ 2021-04-11,1
user_144 _ 2021-04-12,8
user_144 _ 2021-04-13,1
user_144 _ 2021-04-14,1
user_144 _ 2021-04-15,8
user_144 _ 2021-04-16,8
user_144 _ 2021-04-17,1
user_144 _ 2021-04-18,3
user_144 _ 2021-04-19,8
user_145 _ 2021-04-09,1
user_145 _ 2021-04-10,1
user_145 _ 2021-04-11,1
user_145 _ 2021-04-12,1
user_145 _ 2021-04-13,8
user_145 _ 2021-04-14,8
user_145 _ 2021-04-15,6
user_145 _ 2021-04-16,5
user_145 _ 2021-04-17,3
user_145 _ 2021-04-18,1
user_145 _ 2021-04-19,8
user_145 _ 2021-04-20,4
user_145 _ 2021-04-21,4
user_145 _ 2021-04-22,4
user_146 _ 2021-04-13,1
user_146 _ 2021-04-14,8
user_146 _ 2021-04-15,8
user_146 _ 2021-04-18,1
user_146 _ 2021-04-19,8
user_146 _ 2021-04-20,8
user_146 _ 2021-04-21,8
user_146 _ 2021-04-22,1
user_146 _ 2021-04-23,8
user_146 _ 2021-04-24,6
user_149 _ 2021-04-09,5
user_149 _ 2021-04-10,5
user_149 _ 2021-04-11,4
user_149 _ 2021-04-12,4
user_149 _ 2021-04-13,4
user_150 _ 2021-04-09,3
user_150 _ 2021-04-10,2
user_150 _ 2021-04-11,3
user_150 _ 2021-04-12,1
user_150 _ 2021-04-15,1
user_150 _ 2021-04-20,1
user_150 _ 2021-04-21,1
user_151 _ 2021-04-10,1
user_151 _ 2021-04-11,1
user_151 _ 2021-04-19,2
user_151 _ 2021-04-20,1
user_151 _ 2021-04-21,1
user_151 _ 2021-04-22,1
user_151 _ 2021-04-23,1
user_152 _ 2021-04-10,3
user_152 _ 2021-04-11,1
user_152 _ 2021-04-12,1
user_152 _ 2021-04-13,1
user_152 _ 2021-04-14,1
user_152 _ 2021-04-15,1
user_152 _ 2021-04-17,3
user_152 _ 2021-04-18,1
user_152 _ 2021-04-19,1
user_152 _ 2021-04-20,1
user_152 _ 2021-04-21,1
user_152 _ 2021-04-22,1
user_152 _ 2021-04-23,1
user_152 _ 2021-04-24,3
user_154 _ 2021-04-11,4
user_154 _ 2021-04-12,8
user_154 _ 2021-04-13,1
user_154 _ 2021-04-14,1
user_154 _ 2021-04-15,1
user_154 _ 2021-04-16,6
user_154 _ 2021-04-17,1
user_154 _ 2021-04-18,1
user_154 _ 2021-04-20,1
user_154 _ 2021-04-21,1
user_154 _ 2021-04-22,1
user_154 _ 2021-04-23,8
user_154 _ 2021-04-24,3
user_154 _ 2021-04-25,1
user_154 _ 2021-04-26,8
user_154 _ 2021-04-27,1
user_155 _ 2021-04-14,8
user_155 _ 2021-04-16,8
user_155 _ 2021-04-20,8
user_155 _ 2021-04-27,1
user_155 _ 2021-04-28,3
user_157 _ 2021-04-15,1
user_157 _ 2021-04-16,8
user_157 _ 2021-04-18,8
user_157 _ 2021-04-19,8
user_157 _ 2021-05-07,6
user_157 _ 2021-05-08,5
user_157 _ 2021-05-09,8
user_16 _ 2021-02-21,1
user_16 _ 2021-02-28,1
user_16 _ 2021-03-01,8
user_16 _ 2021-03-02,1
user_16 _ 2021-03-03,1
user_16 _ 2021-03-04,1
user_16 _ 2021-03-05,8
user_16 _ 2021-03-06,1
user_16 _ 2021-03-07,1
user_16 _ 2021-03-08,1
user_16 _ 2021-03-09,1
user_16 _ 2021-03-11,1
user_16 _ 2021-03-12,1
user_16 _ 2021-03-13,1
user_16 _ 2021-03-14,1
user_16 _ 2021-03-15,1
user_161 _ 2021-04-20,1
user_161 _ 2021-04-21,1
user_161 _ 2021-04-22,1
user_161 _ 2021-04-23,1
user_161 _ 2021-04-24,1
user_161 _ 2021-04-25,1
user_161 _ 2021-04-26,1
user_161 _ 2021-04-27,1
user_161 _ 2021-04-28,1
user_161 _ 2021-04-29,1
user_161 _ 2021-04-30,1
user_161 _ 2021-05-01,1
user_161 _ 2021-05-02,1
user_161 _ 2021-05-03,1
user_161 _ 2021-05-04,1
user_161 _ 2021-05-05,1
user_161 _ 2021-05-10,1
user_161 _ 2021-05-11,1
user_162 _ 2021-04-21,8
user_162 _ 2021-04-22,1
user_162 _ 2021-04-23,6
user_162 _ 2021-04-24,5
user_162 _ 2021-04-25,1
user_162 _ 2021-04-26,1
user_162 _ 2021-04-27,3
user_162 _ 2021-04-28,6
user_162 _ 2021-04-29,1
user_162 _ 2021-04-30,8
user_162 _ 2021-05-01,3
user_162 _ 2021-05-02,1
user_162 _ 2021-05-03,8
user_162 _ 2021-05-04,8
user_162 _ 2021-05-05,8
user_162 _ 2021-05-06,1
user_162 _ 2021-05-07,1
user_162 _ 2021-05-08,1
user_162 _ 2021-05-09,1
user_162 _ 2021-05-10,1
user_163 _ 2021-04-21,8
user_163 _ 2021-04-22,8
user_163 _ 2021-04-25,1
user_163 _ 2021-04-26,8
user_163 _ 2021-04-27,8
user_163 _ 2021-04-28,8
user_163 _ 2021-04-29,8
user_163 _ 2021-04-30,8
user_163 _ 2021-05-04,1
user_163 _ 2021-05-05,8
user_163 _ 2021-05-06,3
user_163 _ 2021-05-09,1
user_165 _ 2021-04-21,8
user_165 _ 2021-04-22,8
user_165 _ 2021-04-23,1
user_165 _ 2021-04-24,3
user_165 _ 2021-04-25,1
user_165 _ 2021-04-26,8
user_165 _ 2021-04-27,8
user_165 _ 2021-04-29,8
user_165 _ 2021-04-30,1
user_165 _ 2021-05-01,1
user_165 _ 2021-05-02,3
user_165 _ 2021-05-03,8
user_165 _ 2021-05-04,1
user_165 _ 2021-05-05,8
user_166 _ 2021-04-23,1
user_166 _ 2021-04-24,1
user_166 _ 2021-04-25,1
user_166 _ 2021-04-26,3
user_166 _ 2021-04-27,1
user_166 _ 2021-04-29,1
user_166 _ 2021-04-30,1
user_166 _ 2021-05-01,1
user_166 _ 2021-05-02,3
user_166 _ 2021-05-03,3
user_166 _ 2021-05-04,1
user_166 _ 2021-05-07,1
user_166 _ 2021-05-08,1
user_166 _ 2021-05-09,1
user_166 _ 2021-05-10,3
user_166 _ 2021-05-11,1
user_167 _ 2021-04-22,1
user_170 _ 2021-04-24,3
user_170 _ 2021-04-25,3
user_170 _ 2021-04-26,1
user_170 _ 2021-04-27,1
user_170 _ 2021-04-28,1
user_170 _ 2021-04-29,1
user_170 _ 2021-04-30,1
user_170 _ 2021-05-01,3
user_170 _ 2021-05-02,1
user_170 _ 2021-05-04,3
user_170 _ 2021-05-05,1
user_170 _ 2021-05-06,1
user_170 _ 2021-05-07,3
user_170 _ 2021-05-08,4
user_170 _ 2021-05-09,1
user_173 _ 2021-04-24,1
user_173 _ 2021-04-25,3
user_173 _ 2021-04-26,1
user_173 _ 2021-04-29,8
user_173 _ 2021-04-30,1
user_173 _ 2021-05-01,1
user_173 _ 2021-05-02,1
user_173 _ 2021-05-03,1
user_173 _ 2021-05-04,8
user_173 _ 2021-05-05,1
user_173 _ 2021-05-06,1
user_173 _ 2021-05-08,3
user_173 _ 2021-05-09,1
user_173 _ 2021-05-10,1
user_174 _ 2021-04-26,5
user_175 _ 2021-04-26,1
user_175 _ 2021-04-27,1
user_175 _ 2021-04-28,1
user_175 _ 2021-04-29,1
user_175 _ 2021-04-30,1
user_175 _ 2021-05-17,8
user_175 _ 2021-05-18,8
user_175 _ 2021-05-19,8
user_175 _ 2021-05-20,8
user_175 _ 2021-05-21,8
user_175 _ 2021-05-23,1
user_175 _ 2021-05-24,8
user_175 _ 2021-05-25,8
user_175 _ 2021-05-26,8
user_176 _ 2021-04-29,1
user_176 _ 2021-05-06,1
user_176 _ 2021-05-07,1
user_176 _ 2021-05-14,1
user_176 _ 2021-05-15,1
user_177 _ 2021-04-27,8
user_177 _ 2021-04-28,8
user_177 _ 2021-04-29,8
user_177 _ 2021-04-30,3
user_177 _ 2021-05-01,8
user_177 _ 2021-05-02,1
user_177 _ 2021-05-03,1
user_177 _ 2021-05-04,8
user_177 _ 2021-05-05,8
user_177 _ 2021-05-07,8
user_177 _ 2021-05-08,8
user_177 _ 2021-05-09,1
user_177 _ 2021-05-10,8
user_177 _ 2021-05-11,8
user_177 _ 2021-05-12,8
user_177 _ 2021-05-13,8
user_177 _ 2021-05-14,8
user_178 _ 2021-04-27,1
user_178 _ 2021-04-28,1
user_178 _ 2021-04-29,1
user_178 _ 2021-04-30,1
user_178 _ 2021-05-01,3
user_178 _ 2021-05-02,4
user_178 _ 2021-05-03,1
user_178 _ 2021-05-04,1
user_178 _ 2021-05-05,1
user_178 _ 2021-05-06,1
user_178 _ 2021-05-07,1
user_178 _ 2021-05-08,1
user_178 _ 2021-05-09,1
user_178 _ 2021-05-10,6
user_178 _ 2021-05-11,1
user_182 _ 2021-05-01,1
user_182 _ 2021-05-02,1
user_182 _ 2021-05-03,1
user_182 _ 2021-05-04,1
user_182 _ 2021-05-08,3
user_182 _ 2021-05-09,1
user_182 _ 2021-05-10,1
user_182 _ 2021-05-11,1
user_182 _ 2021-05-14,1
user_185 _ 2021-05-04,3
user_185 _ 2021-05-05,1
user_185 _ 2021-05-07,1
user_185 _ 2021-05-10,1
user_185 _ 2021-05-13,3
user_186 _ 2021-05-04,1
user_186 _ 2021-05-05,1
user_186 _ 2021-05-11,1
user_186 _ 2021-05-12,1
user_186 _ 2021-05-13,1
user_186 _ 2021-05-15,1
user_186 _ 2021-05-16,3
user_186 _ 2021-05-18,1
user_186 _ 2021-05-19,1
user_186 _ 2021-05-20,1
user_187 _ 2021-05-04,1
user_187 _ 2021-05-05,1
user_187 _ 2021-05-06,1
user_187 _ 2021-05-07,3
user_187 _ 2021-05-09,2
user_187 _ 2021-05-10,2
user_187 _ 2021-05-12,4
user_187 _ 2021-05-14,4
user_187 _ 2021-05-16,4
user_187 _ 2021-05-17,3
user_187 _ 2021-05-18,1
user_189 _ 2021-05-04,1
user_189 _ 2021-05-05,1
user_189 _ 2021-05-06,1
user_189 _ 2021-05-09,1
user_189 _ 2021-05-10,1
user_189 _ 2021-05-11,1
user_189 _ 2021-05-12,1
user_189 _ 2021-05-13,1
user_189 _ 2021-05-14,3
user_189 _ 2021-05-15,1
user_189 _ 2021-05-16,1
user_189 _ 2021-05-18,1
user_190 _ 2021-05-05,8
user_190 _ 2021-05-06,8
user_190 _ 2021-05-07,8
user_190 _ 2021-05-08,1
user_190 _ 2021-05-09,3
user_190 _ 2021-05-12,8
user_190 _ 2021-05-13,8
user_190 _ 2021-05-14,8
user_190 _ 2021-05-15,3
user_190 _ 2021-05-16,6
user_190 _ 2021-05-17,8
user_190 _ 2021-05-19,8
user_191 _ 2021-05-05,5
user_191 _ 2021-05-06,4
user_191 _ 2021-05-07,4
user_191 _ 2021-05-09,3
user_191 _ 2021-05-10,1
user_191 _ 2021-05-13,4
user_191 _ 2021-05-14,1
user_191 _ 2021-05-17,1
user_191 _ 2021-05-20,1
user_191 _ 2021-05-22,1
user_191 _ 2021-05-23,1
user_192 _ 2021-05-09,7
user_192 _ 2021-05-11,7
user_192 _ 2021-05-14,7
user_192 _ 2021-05-15,7
user_192 _ 2021-05-16,7
user_192 _ 2021-05-19,7
user_192 _ 2021-05-22,7
user_192 _ 2021-05-24,7
user_192 _ 2021-05-27,7
user_193 _ 2021-05-06,8
user_193 _ 2021-05-07,1
user_193 _ 2021-05-08,1
user_193 _ 2021-05-09,1
user_193 _ 2021-05-10,8
user_193 _ 2021-05-11,8
user_193 _ 2021-05-12,8
user_193 _ 2021-05-13,8
user_193 _ 2021-05-14,8
user_193 _ 2021-05-16,1
user_193 _ 2021-05-17,8
user_193 _ 2021-05-18,8
user_193 _ 2021-05-19,8
user_193 _ 2021-05-20,8
user_193 _ 2021-05-21,1
user_194 _ 2021-05-13,4
user_195 _ 2021-05-07,7
user_195 _ 2021-05-08,1
user_195 _ 2021-05-10,1
user_195 _ 2021-05-11,1
user_195 _ 2021-05-13,1
user_195 _ 2021-05-14,1
user_195 _ 2021-05-15,1
user_195 _ 2021-05-16,1
user_195 _ 2021-05-17,1
user_195 _ 2021-05-18,1
user_195 _ 2021-05-19,1
user_195 _ 2021-05-20,1
user_195 _ 2021-05-21,1
user_195 _ 2021-05-22,1
user_196 _ 2021-05-08,1
user_196 _ 2021-05-09,1
user_196 _ 2021-05-10,1
user_196 _ 2021-05-11,1
user_196 _ 2021-05-13,1
user_196 _ 2021-05-14,3
user_196 _ 2021-05-15,1
user_196 _ 2021-05-16,1
user_196 _ 2021-05-17,1
user_196 _ 2021-05-18,1
user_196 _ 2021-05-19,1
user_196 _ 2021-05-20,1
user_196 _ 2021-05-21,1
user_196 _ 2021-05-22,3
user_197 _ 2021-05-07,1
user_197 _ 2021-05-08,3
user_197 _ 2021-05-09,3
user_197 _ 2021-05-10,1
user_197 _ 2021-05-11,1
user_197 _ 2021-05-12,1
user_197 _ 2021-05-13,1
user_197 _ 2021-05-14,1
user_197 _ 2021-05-15,1
user_197 _ 2021-05-16,1
user_197 _ 2021-05-17,1
user_197 _ 2021-05-19,1
user_197 _ 2021-05-20,1
user_198 _ 2021-05-08,3
user_198 _ 2021-05-10,5
user_198 _ 2021-05-11,6
user_198 _ 2021-05-12,6
user_198 _ 2021-05-13,1
user_198 _ 2021-05-14,6
user_198 _ 2021-05-16,6
user_198 _ 2021-05-17,5
user_2 _ 2021-02-16,8
user_2 _ 2021-02-17,8
user_2 _ 2021-02-19,8
user_2 _ 2021-02-20,1
user_2 _ 2021-02-22,8
user_2 _ 2021-02-23,8
user_2 _ 2021-02-25,8
user_2 _ 2021-02-26,8
user_2 _ 2021-03-01,8
user_200 _ 2021-05-13,1
user_200 _ 2021-05-14,8
user_200 _ 2021-05-15,6
user_200 _ 2021-05-16,8
user_200 _ 2021-05-17,8
user_200 _ 2021-05-18,8
user_200 _ 2021-05-20,3
user_200 _ 2021-05-21,1
user_200 _ 2021-05-22,1
user_200 _ 2021-05-23,1
user_200 _ 2021-05-24,8
user_200 _ 2021-05-25,8
user_200 _ 2021-05-26,8
user_201 _ 2021-05-13,6
user_201 _ 2021-05-22,4
user_201 _ 2021-05-23,4
user_202 _ 2021-05-13,8
user_202 _ 2021-05-14,8
user_202 _ 2021-05-16,6
user_202 _ 2021-05-17,8
user_202 _ 2021-05-18,8
user_202 _ 2021-05-19,3
user_202 _ 2021-05-20,8
user_202 _ 2021-05-21,8
user_202 _ 2021-05-22,6
user_202 _ 2021-05-23,5
user_202 _ 2021-05-25,8
user_202 _ 2021-05-26,8
user_202 _ 2021-05-27,8
user_202 _ 2021-05-28,8
user_202 _ 2021-05-29,4
user_202 _ 2021-05-30,2
user_204 _ 2021-05-13,6
user_204 _ 2021-05-15,1
user_204 _ 2021-05-16,1
user_204 _ 2021-05-17,1
user_204 _ 2021-05-18,1
user_204 _ 2021-05-19,6
user_204 _ 2021-05-20,1
user_204 _ 2021-05-21,1
user_204 _ 2021-05-23,1
user_204 _ 2021-05-24,1
user_204 _ 2021-05-25,1
user_204 _ 2021-05-27,1
user_204 _ 2021-05-28,3
user_204 _ 2021-05-29,1
user_204 _ 2021-05-30,1
user_205 _ 2021-05-15,7
user_205 _ 2021-05-26,4
user_206 _ 2021-05-15,6
user_206 _ 2021-05-16,1
user_206 _ 2021-05-17,1
user_206 _ 2021-05-19,1
user_206 _ 2021-05-20,1
user_206 _ 2021-05-21,1
user_206 _ 2021-05-22,3
user_206 _ 2021-05-23,6
user_206 _ 2021-05-24,1
user_206 _ 2021-05-25,1
user_206 _ 2021-05-26,1
user_206 _ 2021-05-27,1
user_206 _ 2021-05-28,1
user_206 _ 2021-05-29,6
user_207 _ 2021-05-18,1
user_207 _ 2021-05-19,1
user_207 _ 2021-05-20,3
user_207 _ 2021-05-21,5
user_207 _ 2021-05-22,6
user_207 _ 2021-05-23,1
user_207 _ 2021-05-24,3
user_207 _ 2021-05-25,6
user_207 _ 2021-05-26,3
user_207 _ 2021-05-27,1
user_207 _ 2021-05-29,1
user_207 _ 2021-05-30,1
user_207 _ 2021-05-31,1
user_207 _ 2021-06-01,1
user_207 _ 2021-06-02,1
user_207 _ 2021-06-03,1
user_208 _ 2021-05-31,2
user_209 _ 2021-05-21,6
user_209 _ 2021-05-22,6
user_209 _ 2021-05-23,1
user_209 _ 2021-05-24,3
user_209 _ 2021-05-25,4
user_209 _ 2021-05-26,1
user_209 _ 2021-05-27,1
user_209 _ 2021-05-28,1
user_209 _ 2021-05-29,1
user_209 _ 2021-05-30,1
user_209 _ 2021-05-31,1
user_209 _ 2021-06-01,1
user_209 _ 2021-06-02,1
user_209 _ 2021-06-03,1
user_209 _ 2021-06-04,1
user_209 _ 2021-06-05,1
user_209 _ 2021-06-07,1
user_21 _ 2021-02-20,7
user_21 _ 2021-02-21,8
user_21 _ 2021-02-23,8
user_21 _ 2021-02-24,8
user_21 _ 2021-02-25,1
user_21 _ 2021-02-26,8
user_21 _ 2021-02-27,7
user_21 _ 2021-03-01,8
user_21 _ 2021-03-02,7
user_21 _ 2021-03-03,8
user_21 _ 2021-03-04,3
user_21 _ 2021-03-05,1
user_21 _ 2021-03-06,7
user_21 _ 2021-03-07,1
user_210 _ 2021-05-25,8
user_210 _ 2021-05-31,1
user_210 _ 2021-06-01,6
user_210 _ 2021-06-02,5
user_210 _ 2021-06-03,5
user_210 _ 2021-06-05,5
user_210 _ 2021-06-06,2
user_211 _ 2021-05-21,5
user_211 _ 2021-05-22,6
user_211 _ 2021-05-23,5
user_211 _ 2021-05-25,8
user_211 _ 2021-05-26,8
user_211 _ 2021-05-27,6
user_211 _ 2021-05-28,6
user_211 _ 2021-05-29,6
user_211 _ 2021-05-31,5
user_211 _ 2021-06-01,8
user_211 _ 2021-06-02,8
user_211 _ 2021-06-03,8
user_211 _ 2021-06-04,5
user_212 _ 2021-05-26,6
user_212 _ 2021-06-05,1
user_212 _ 2021-06-07,1
user_212 _ 2021-06-08,6
user_213 _ 2021-05-21,5
user_214 _ 2021-05-22,7
user_214 _ 2021-05-30,7
user_214 _ 2021-05-31,6
user_214 _ 2021-06-01,5
user_214 _ 2021-06-02,1
user_214 _ 2021-06-03,6
user_214 _ 2021-06-04,5
user_214 _ 2021-06-05,8
user_214 _ 2021-06-06,6
user_214 _ 2021-06-07,7
user_214 _ 2021-06-09,5
user_214 _ 2021-06-11,5
user_216 _ 2021-05-22,1
user_216 _ 2021-05-24,1
user_216 _ 2021-05-25,1
user_216 _ 2021-05-26,1
user_216 _ 2021-05-27,1
user_216 _ 2021-06-01,1
user_216 _ 2021-06-04,1
user_217 _ 2021-05-21,1
user_217 _ 2021-05-22,1
user_217 _ 2021-05-23,1
user_217 _ 2021-05-24,1
user_217 _ 2021-05-25,1
user_217 _ 2021-05-27,1
user_217 _ 2021-05-28,1
user_217 _ 2021-05-29,1
user_217 _ 2021-05-31,1
user_217 _ 2021-06-01,1
user_217 _ 2021-06-02,1
user_217 _ 2021-06-03,1
user_219 _ 2021-05-22,1
user_219 _ 2021-05-23,1
user_219 _ 2021-05-24,1
user_219 _ 2021-05-25,1
user_219 _ 2021-05-26,1
user_219 _ 2021-05-27,1
user_219 _ 2021-05-31,1
user_219 _ 2021-06-01,1
user_219 _ 2021-06-12,1
user_219 _ 2021-06-13,1
user_219 _ 2021-06-14,1
user_219 _ 2021-06-15,1
user_219 _ 2021-06-16,1
user_219 _ 2021-06-17,1
user_219 _ 2021-06-19,6
user_219 _ 2021-06-20,1
user_219 _ 2021-06-21,1
user_22 _ 2021-02-19,8
user_22 _ 2021-02-20,3
user_22 _ 2021-02-21,1
user_22 _ 2021-02-22,8
user_22 _ 2021-02-23,8
user_22 _ 2021-02-24,1
user_22 _ 2021-02-26,8
user_22 _ 2021-02-28,1
user_22 _ 2021-03-01,1
user_22 _ 2021-03-02,1
user_22 _ 2021-03-03,1
user_22 _ 2021-03-04,3
user_22 _ 2021-03-05,1
user_22 _ 2021-03-06,3
user_22 _ 2021-03-07,2
user_220 _ 2021-05-22,1
user_220 _ 2021-05-24,3
user_220 _ 2021-05-25,3
user_220 _ 2021-05-26,1
user_220 _ 2021-05-28,6
user_220 _ 2021-05-29,6
user_220 _ 2021-06-07,3
user_221 _ 2021-05-25,3
user_221 _ 2021-05-26,5
user_221 _ 2021-05-27,8
user_221 _ 2021-05-28,5
user_221 _ 2021-05-30,6
user_221 _ 2021-06-02,5
user_221 _ 2021-06-05,5
user_221 _ 2021-06-06,1
user_221 _ 2021-06-07,8
user_222 _ 2021-05-26,8
user_222 _ 2021-05-27,8
user_222 _ 2021-05-28,8
user_222 _ 2021-05-29,1
user_222 _ 2021-05-30,1
user_222 _ 2021-06-01,1
user_222 _ 2021-06-02,8
user_222 _ 2021-06-03,8
user_222 _ 2021-06-04,6
user_222 _ 2021-06-07,8
user_222 _ 2021-06-08,8
user_222 _ 2021-06-09,8
user_222 _ 2021-06-11,8
user_222 _ 2021-06-12,6
user_222 _ 2021-06-13,6
user_222 _ 2021-06-15,8
user_222 _ 2021-06-16,8
user_222 _ 2021-06-17,8
user_222 _ 2021-06-18,8
user_224 _ 2021-05-26,6
user_224 _ 2021-05-28,6
user_225 _ 2021-05-25,1
user_225 _ 2021-05-26,1
user_225 _ 2021-05-27,1
user_225 _ 2021-05-28,1
user_225 _ 2021-05-29,1
user_225 _ 2021-05-30,3
user_225 _ 2021-05-31,3
user_225 _ 2021-06-01,1
user_225 _ 2021-06-02,1
user_225 _ 2021-06-03,1
user_225 _ 2021-06-04,1
user_225 _ 2021-06-06,1
user_225 _ 2021-06-07,1
user_225 _ 2021-06-08,1
user_227 _ 2021-05-30,5
user_228 _ 2021-05-30,1
user_228 _ 2021-05-31,1
user_228 _ 2021-06-01,1
user_228 _ 2021-06-02,1
user_228 _ 2021-06-03,1
user_228 _ 2021-06-04,1
user_228 _ 2021-06-05,1
user_228 _ 2021-06-06,1
user_228 _ 2021-06-07,1
user_228 _ 2021-06-08,1
user_228 _ 2021-06-09,1
user_228 _ 2021-06-10,1
user_228 _ 2021-06-12,1
user_228 _ 2021-06-13,1
user_23 _ 2021-02-19,8
user_23 _ 2021-02-20,3
user_23 _ 2021-02-22,1
user_23 _ 2021-02-23,1
user_23 _ 2021-02-24,1
user_23 _ 2021-02-25,1
user_23 _ 2021-02-26,3
user_23 _ 2021-02-28,1
user_23 _ 2021-03-01,1
user_23 _ 2021-03-02,1
user_23 _ 2021-03-03,1
user_23 _ 2021-03-04,1
user_23 _ 2021-03-05,1
user_23 _ 2021-03-06,3
user_23 _ 2021-03-07,6
user_231 _ 2021-06-02,5
user_231 _ 2021-06-03,1
user_231 _ 2021-06-04,1
user_231 _ 2021-06-05,1
user_231 _ 2021-06-06,1
user_231 _ 2021-06-07,5
user_231 _ 2021-06-09,5
user_231 _ 2021-06-10,1
user_231 _ 2021-06-11,1
user_231 _ 2021-06-12,1
user_231 _ 2021-06-13,1
user_231 _ 2021-06-14,1
user_232 _ 2021-06-09,5
user_232 _ 2021-06-10,5
user_236 _ 2021-06-10,4
user_236 _ 2021-06-11,3
user_236 _ 2021-06-12,4
user_236 _ 2021-06-13,3
user_236 _ 2021-06-14,3
user_236 _ 2021-06-17,4
user_236 _ 2021-06-18,3
user_236 _ 2021-06-22,4
user_24 _ 2021-02-20,1
user_24 _ 2021-02-21,1
user_24 _ 2021-02-22,1
user_24 _ 2021-02-23,1
user_24 _ 2021-02-24,1
user_24 _ 2021-02-25,1
user_24 _ 2021-02-26,3
user_24 _ 2021-02-27,1
user_24 _ 2021-02-28,1
user_24 _ 2021-03-01,1
user_24 _ 2021-03-02,8
user_24 _ 2021-03-05,1
user_24 _ 2021-03-06,1
user_24 _ 2021-03-07,1
user_25 _ 2021-02-28,1
user_25 _ 2021-03-01,1
user_25 _ 2021-03-07,1
user_26 _ 2021-02-20,3
user_26 _ 2021-02-21,1
user_26 _ 2021-02-22,8
user_26 _ 2021-02-23,8
user_26 _ 2021-02-24,8
user_26 _ 2021-02-25,3
user_26 _ 2021-02-26,3
user_26 _ 2021-02-27,1
user_26 _ 2021-03-01,8
user_26 _ 2021-03-02,8
user_26 _ 2021-03-03,8
user_26 _ 2021-03-04,8
user_26 _ 2021-03-05,8
user_26 _ 2021-03-06,1
user_26 _ 2021-03-07,1
user_27 _ 2021-02-20,1
user_27 _ 2021-02-24,1
user_27 _ 2021-03-01,1
user_27 _ 2021-03-02,1
user_27 _ 2021-03-03,1
user_27 _ 2021-03-04,6
user_27 _ 2021-03-05,5
user_27 _ 2021-03-08,1
user_28 _ 2021-02-20,1
user_28 _ 2021-02-21,1
user_28 _ 2021-02-22,1
user_28 _ 2021-02-23,1
user_28 _ 2021-02-25,1
user_28 _ 2021-02-26,1
user_28 _ 2021-02-27,1
user_28 _ 2021-02-28,1
user_28 _ 2021-03-01,1
user_28 _ 2021-03-02,1
user_28 _ 2021-03-03,1
user_28 _ 2021-03-04,1
user_28 _ 2021-03-05,1
user_28 _ 2021-03-06,1
user_3 _ 2021-02-16,8
user_3 _ 2021-02-17,8
user_3 _ 2021-02-18,8
user_3 _ 2021-02-19,8
user_3 _ 2021-02-20,1
user_3 _ 2021-02-21,1
user_3 _ 2021-02-22,8
user_3 _ 2021-02-23,8
user_3 _ 2021-02-25,8
user_3 _ 2021-02-28,1
user_3 _ 2021-03-02,8
user_3 _ 2021-03-03,8
user_3 _ 2021-03-04,1
user_3 _ 2021-03-05,8
user_3 _ 2021-03-06,1
user_3 _ 2021-03-07,1
user_3 _ 2021-03-08,8
user_3 _ 2021-03-09,8
user_3 _ 2021-03-10,8
user_3 _ 2021-03-11,1
user_30 _ 2021-02-21,1
user_30 _ 2021-02-22,3
user_30 _ 2021-02-24,1
user_30 _ 2021-02-25,1
user_30 _ 2021-03-01,4
user_30 _ 2021-03-06,4
user_30 _ 2021-03-07,2
user_30 _ 2021-03-09,1
user_30 _ 2021-03-10,1
user_30 _ 2021-03-11,1
user_30 _ 2021-03-12,6
user_30 _ 2021-03-13,1
user_30 _ 2021-03-14,1
user_31 _ 2021-02-21,1
user_31 _ 2021-02-26,8
user_31 _ 2021-02-27,1
user_31 _ 2021-02-28,1
user_31 _ 2021-03-02,1
user_31 _ 2021-03-03,1
user_31 _ 2021-03-05,1
user_31 _ 2021-03-06,8
user_31 _ 2021-03-07,8
user_31 _ 2021-03-08,8
user_31 _ 2021-03-09,3
user_31 _ 2021-03-10,1
user_33 _ 2021-02-20,6
user_33 _ 2021-02-21,6
user_33 _ 2021-02-22,1
user_33 _ 2021-02-23,1
user_34 _ 2021-03-10,1
user_34 _ 2021-03-11,1
user_34 _ 2021-03-13,1
user_34 _ 2021-03-14,1
user_35 _ 2021-03-02,1
user_35 _ 2021-03-03,1
user_35 _ 2021-03-04,1
user_35 _ 2021-03-05,1
user_35 _ 2021-03-07,4
user_35 _ 2021-03-08,1
user_35 _ 2021-03-09,1
user_35 _ 2021-03-11,1
user_35 _ 2021-03-12,1
user_35 _ 2021-03-13,6
user_36 _ 2021-02-21,1
user_36 _ 2021-02-22,1
user_36 _ 2021-02-23,1
user_36 _ 2021-02-24,3
user_36 _ 2021-02-25,1
user_36 _ 2021-02-26,1
user_36 _ 2021-02-27,1
user_36 _ 2021-02-28,1
user_36 _ 2021-03-01,1
user_36 _ 2021-03-02,1
user_36 _ 2021-03-03,1
user_36 _ 2021-03-04,1
user_36 _ 2021-03-06,1
user_36 _ 2021-03-07,3
user_36 _ 2021-03-08,1
user_36 _ 2021-03-09,1
user_39 _ 2021-02-25,1
user_39 _ 2021-02-26,8
user_39 _ 2021-02-27,8
user_39 _ 2021-02-28,8
user_39 _ 2021-03-01,1
user_39 _ 2021-03-02,6
user_39 _ 2021-03-03,1
user_39 _ 2021-03-04,8
user_39 _ 2021-03-05,1
user_39 _ 2021-03-07,4
user_39 _ 2021-03-08,4
user_39 _ 2021-03-09,1
user_39 _ 2021-03-10,6
user_39 _ 2021-03-11,8
user_39 _ 2021-03-12,8
user_4 _ 2021-02-16,1
user_4 _ 2021-02-17,1
user_4 _ 2021-02-18,1
user_4 _ 2021-02-19,1
user_4 _ 2021-02-20,1
user_4 _ 2021-02-21,1
user_4 _ 2021-02-24,1
user_4 _ 2021-02-25,1
user_4 _ 2021-02-26,1
user_4 _ 2021-02-27,1
user_4 _ 2021-02-28,1
user_4 _ 2021-03-01,1
user_4 _ 2021-03-02,1
user_41 _ 2021-02-26,8
user_41 _ 2021-02-27,8
user_41 _ 2021-02-28,1
user_41 _ 2021-03-01,8
user_41 _ 2021-03-02,8
user_41 _ 2021-03-04,8
user_41 _ 2021-03-05,8
user_41 _ 2021-03-06,8
user_41 _ 2021-03-07,1
user_41 _ 2021-03-08,8
user_41 _ 2021-03-09,8
user_41 _ 2021-03-10,3
user_41 _ 2021-03-11,8
user_41 _ 2021-03-12,8
user_41 _ 2021-03-13,8
user_41 _ 2021-03-14,1
user_42 _ 2021-02-27,3
user_42 _ 2021-02-28,1
user_42 _ 2021-03-01,1
user_42 _ 2021-03-02,1
user_42 _ 2021-03-03,1
user_42 _ 2021-03-04,1
user_42 _ 2021-03-05,1
user_42 _ 2021-03-06,3
user_42 _ 2021-03-07,1
user_42 _ 2021-03-08,1
user_42 _ 2021-03-09,1
user_42 _ 2021-03-10,1
user_43 _ 2021-03-11,1
user_43 _ 2021-03-12,1
user_43 _ 2021-03-15,1
user_43 _ 2021-03-17,1
user_43 _ 2021-03-18,1
user_43 _ 2021-03-19,1
user_43 _ 2021-03-20,1
user_43 _ 2021-03-21,1
user_43 _ 2021-03-22,1
user_43 _ 2021-03-24,1
user_43 _ 2021-03-25,1
user_45 _ 2021-03-10,8
user_45 _ 2021-03-11,8
user_45 _ 2021-03-12,8
user_45 _ 2021-03-13,3
user_45 _ 2021-03-14,1
user_45 _ 2021-03-15,8
user_45 _ 2021-03-16,8
user_45 _ 2021-03-17,8
user_45 _ 2021-03-18,8
user_45 _ 2021-03-21,1
user_45 _ 2021-03-22,8
user_45 _ 2021-03-23,8
user_45 _ 2021-03-24,8
user_45 _ 2021-03-25,8
user_47 _ 2021-03-10,1
user_47 _ 2021-03-11,1
user_47 _ 2021-03-12,1
user_47 _ 2021-03-13,1
user_47 _ 2021-03-14,1
user_47 _ 2021-03-16,1
user_47 _ 2021-03-22,1
user_47 _ 2021-03-24,1
user_47 _ 2021-03-27,1
user_48 _ 2021-03-10,1
user_48 _ 2021-03-11,1
user_48 _ 2021-03-12,1
user_48 _ 2021-03-13,5
user_48 _ 2021-03-16,7
user_48 _ 2021-03-18,1
user_48 _ 2021-03-19,3
user_48 _ 2021-03-20,1
user_48 _ 2021-03-21,1
user_48 _ 2021-03-22,1
user_48 _ 2021-03-23,1
user_49 _ 2021-03-11,6
user_49 _ 2021-03-12,1
user_49 _ 2021-03-13,6
user_49 _ 2021-03-14,3
user_49 _ 2021-03-15,6
user_49 _ 2021-03-16,3
user_49 _ 2021-03-18,1
user_49 _ 2021-03-21,1
user_49 _ 2021-03-22,1
user_49 _ 2021-03-23,1
user_49 _ 2021-03-24,1
user_49 _ 2021-03-25,1
user_5 _ 2021-02-16,1
user_5 _ 2021-02-18,1
user_5 _ 2021-02-20,1
user_5 _ 2021-02-26,1
user_5 _ 2021-02-27,1
user_5 _ 2021-03-04,1
user_5 _ 2021-03-05,1
user_5 _ 2021-03-06,1
user_5 _ 2021-03-07,1
user_5 _ 2021-03-08,1
user_5 _ 2021-03-09,1
user_51 _ 2021-03-11,8
user_51 _ 2021-03-12,8
user_51 _ 2021-03-13,3
user_51 _ 2021-03-14,1
user_51 _ 2021-03-15,8
user_51 _ 2021-03-18,3
user_51 _ 2021-03-19,3
user_51 _ 2021-03-21,6
user_51 _ 2021-03-22,5
user_51 _ 2021-03-23,8
user_51 _ 2021-03-24,8
user_51 _ 2021-03-25,8
user_53 _ 2021-03-12,4
user_53 _ 2021-03-13,1
user_53 _ 2021-03-14,1
user_53 _ 2021-03-15,1
user_53 _ 2021-03-16,1
user_53 _ 2021-03-17,1
user_53 _ 2021-03-19,1
user_53 _ 2021-03-20,1
user_53 _ 2021-03-21,1
user_53 _ 2021-03-22,1
user_53 _ 2021-03-23,8
user_53 _ 2021-03-25,1
user_54 _ 2021-03-27,5
user_54 _ 2021-03-28,5
user_55 _ 2021-03-11,8
user_55 _ 2021-03-12,8
user_55 _ 2021-03-13,8
user_55 _ 2021-03-14,1
user_55 _ 2021-03-15,8
user_55 _ 2021-03-16,1
user_55 _ 2021-03-18,7
user_55 _ 2021-03-19,1
user_55 _ 2021-03-20,8
user_55 _ 2021-03-21,8
user_55 _ 2021-03-22,8
user_55 _ 2021-03-23,7
user_55 _ 2021-03-24,8
user_55 _ 2021-03-25,1
user_55 _ 2021-03-26,7
user_55 _ 2021-03-27,8
user_55 _ 2021-03-28,1
user_58 _ 2021-03-11,8
user_58 _ 2021-03-12,8
user_58 _ 2021-03-13,6
user_58 _ 2021-03-14,1
user_58 _ 2021-03-15,1
user_58 _ 2021-03-16,1
user_58 _ 2021-03-17,8
user_58 _ 2021-03-18,8
user_58 _ 2021-03-19,8
user_58 _ 2021-03-20,6
user_58 _ 2021-03-21,5
user_58 _ 2021-03-24,8
user_59 _ 2021-03-11,4
user_59 _ 2021-03-12,1
user_59 _ 2021-03-13,4
user_59 _ 2021-03-16,4
user_59 _ 2021-03-17,1
user_59 _ 2021-03-18,1
user_59 _ 2021-03-19,3
user_59 _ 2021-03-22,1
user_59 _ 2021-03-23,1
user_59 _ 2021-03-24,1
user_6 _ 2021-02-16,8
user_6 _ 2021-02-17,8
user_6 _ 2021-02-18,8
user_6 _ 2021-02-19,8
user_6 _ 2021-02-20,1
user_6 _ 2021-02-21,1
user_6 _ 2021-02-22,8
user_6 _ 2021-02-23,8
user_6 _ 2021-02-24,8
user_6 _ 2021-02-25,8
user_61 _ 2021-03-12,1
user_61 _ 2021-03-13,1
user_61 _ 2021-03-14,1
user_61 _ 2021-03-15,1
user_61 _ 2021-03-16,1
user_61 _ 2021-03-17,1
user_61 _ 2021-03-18,1
user_61 _ 2021-03-19,1
user_61 _ 2021-03-25,1
user_61 _ 2021-03-26,1
user_61 _ 2021-03-27,1
user_63 _ 2021-03-13,1
user_63 _ 2021-03-14,1
user_63 _ 2021-03-15,1
user_63 _ 2021-03-16,1
user_63 _ 2021-03-17,1
user_63 _ 2021-03-18,1
user_63 _ 2021-03-19,1
user_63 _ 2021-03-21,1
user_63 _ 2021-03-22,3
user_63 _ 2021-03-23,4
user_63 _ 2021-03-24,1
user_63 _ 2021-03-25,1
user_63 _ 2021-03-26,1
user_64 _ 2021-03-13,1
user_64 _ 2021-03-15,1
user_64 _ 2021-03-17,1
user_64 _ 2021-03-19,1
user_64 _ 2021-03-20,3
user_64 _ 2021-03-21,3
user_64 _ 2021-03-22,8
user_64 _ 2021-03-23,3
user_64 _ 2021-03-27,3
user_64 _ 2021-03-28,3
user_64 _ 2021-03-29,3
user_64 _ 2021-03-30,3
user_64 _ 2021-03-31,1
user_65 _ 2021-03-13,1
user_65 _ 2021-03-14,1
user_65 _ 2021-03-15,1
user_65 _ 2021-03-16,1
user_65 _ 2021-03-17,6
user_65 _ 2021-03-18,1
user_65 _ 2021-03-19,1
user_65 _ 2021-03-20,6
user_66 _ 2021-03-13,1
user_66 _ 2021-03-14,8
user_66 _ 2021-03-15,1
user_66 _ 2021-03-16,1
user_66 _ 2021-03-17,8
user_66 _ 2021-03-19,1
user_66 _ 2021-03-20,8
user_66 _ 2021-03-22,3
user_66 _ 2021-03-23,3
user_66 _ 2021-03-24,6
user_66 _ 2021-03-25,8
user_66 _ 2021-03-26,8
user_66 _ 2021-03-27,8
user_66 _ 2021-03-28,8
user_67 _ 2021-03-14,1
user_67 _ 2021-03-15,1
user_67 _ 2021-03-16,1
user_67 _ 2021-03-18,1
user_67 _ 2021-03-19,1
user_67 _ 2021-03-20,1
user_67 _ 2021-03-21,1
user_67 _ 2021-03-22,1
user_67 _ 2021-03-23,3
user_67 _ 2021-03-25,1
user_67 _ 2021-03-26,1
user_67 _ 2021-03-27,1
user_67 _ 2021-03-28,1
user_67 _ 2021-03-29,1
user_67 _ 2021-03-30,1
user_69 _ 2021-03-17,1
user_69 _ 2021-03-18,1
user_69 _ 2021-03-19,1
user_69 _ 2021-03-20,3
user_69 _ 2021-03-21,1
user_69 _ 2021-03-22,1
user_69 _ 2021-03-23,1
user_69 _ 2021-03-24,1
user_69 _ 2021-03-25,1
user_69 _ 2021-03-26,1
user_69 _ 2021-03-27,1
user_69 _ 2021-03-28,1
user_7 _ 2021-02-16,1
user_7 _ 2021-02-18,1
user_7 _ 2021-02-19,6
user_7 _ 2021-02-20,6
user_7 _ 2021-02-21,6
user_7 _ 2021-02-22,6
user_7 _ 2021-02-23,1
user_7 _ 2021-02-25,6
user_7 _ 2021-02-26,6
user_7 _ 2021-02-27,5
user_7 _ 2021-02-28,6
user_7 _ 2021-03-02,1
user_70 _ 2021-03-17,8
user_70 _ 2021-03-18,8
user_70 _ 2021-03-19,8
user_70 _ 2021-03-20,1
user_70 _ 2021-03-21,1
user_70 _ 2021-03-22,8
user_70 _ 2021-03-23,8
user_70 _ 2021-03-24,8
user_70 _ 2021-03-25,8
user_70 _ 2021-03-26,8
user_70 _ 2021-03-28,1
user_70 _ 2021-03-29,8
user_71 _ 2021-03-16,3
user_72 _ 2021-03-16,8
user_72 _ 2021-03-17,8
user_72 _ 2021-03-18,8
user_72 _ 2021-03-19,8
user_72 _ 2021-03-20,1
user_72 _ 2021-03-21,1
user_72 _ 2021-03-22,8
user_72 _ 2021-03-23,8
user_72 _ 2021-03-25,8
user_72 _ 2021-03-26,1
user_72 _ 2021-03-27,1
user_72 _ 2021-03-28,1
user_72 _ 2021-03-29,8
user_72 _ 2021-03-30,1
user_73 _ 2021-03-16,4
user_73 _ 2021-03-17,1
user_73 _ 2021-03-18,1
user_73 _ 2021-03-19,1
user_73 _ 2021-03-20,1
user_73 _ 2021-03-22,1
user_73 _ 2021-03-23,1
user_73 _ 2021-03-24,1
user_73 _ 2021-03-25,1
user_73 _ 2021-03-26,1
user_73 _ 2021-03-28,1
user_73 _ 2021-03-30,5
user_73 _ 2021-03-31,1
user_73 _ 2021-04-01,1
user_73 _ 2021-04-02,1
user_74 _ 2021-03-17,4
user_74 _ 2021-03-18,8
user_74 _ 2021-03-19,8
user_74 _ 2021-03-20,8
user_74 _ 2021-03-23,8
user_74 _ 2021-03-24,8
user_74 _ 2021-03-25,8
user_74 _ 2021-03-26,8
user_74 _ 2021-03-27,3
user_74 _ 2021-03-28,3
user_74 _ 2021-03-29,3
user_74 _ 2021-03-31,4
user_75 _ 2021-03-17,7
user_75 _ 2021-03-18,1
user_75 _ 2021-03-20,3
user_75 _ 2021-03-21,3
user_75 _ 2021-03-22,3
user_75 _ 2021-03-24,8
user_75 _ 2021-03-26,8
user_75 _ 2021-03-27,3
user_75 _ 2021-03-28,3
user_75 _ 2021-03-29,8
user_75 _ 2021-03-30,6
user_76 _ 2021-03-16,1
user_76 _ 2021-03-17,1
user_76 _ 2021-03-18,1
user_76 _ 2021-03-20,1
user_76 _ 2021-03-21,3
user_76 _ 2021-03-22,1
user_76 _ 2021-03-23,1
user_76 _ 2021-03-24,1
user_76 _ 2021-03-25,1
user_76 _ 2021-03-26,1
user_76 _ 2021-03-27,1
user_76 _ 2021-03-28,1
user_76 _ 2021-03-29,1
user_77 _ 2021-03-16,1
user_77 _ 2021-03-17,1
user_77 _ 2021-03-20,1
user_77 _ 2021-03-21,1
user_77 _ 2021-03-22,1
user_77 _ 2021-03-23,1
user_77 _ 2021-03-24,1
user_77 _ 2021-03-25,1
user_77 _ 2021-03-26,3
user_77 _ 2021-03-27,1
user_77 _ 2021-03-29,1
user_77 _ 2021-03-30,3
user_77 _ 2021-03-31,3
user_79 _ 2021-03-16,1
user_79 _ 2021-03-17,8
user_79 _ 2021-03-21,1
user_79 _ 2021-03-22,1
user_79 _ 2021-03-23,1
user_79 _ 2021-03-24,1
user_79 _ 2021-03-25,8
user_79 _ 2021-03-26,1
user_79 _ 2021-03-27,1
user_79 _ 2021-03-28,1
user_79 _ 2021-03-29,1
user_79 _ 2021-03-31,1
user_80 _ 2021-03-16,1
user_80 _ 2021-03-17,1
user_80 _ 2021-03-19,1
user_80 _ 2021-03-21,1
user_80 _ 2021-03-22,1
user_80 _ 2021-03-23,1
user_80 _ 2021-03-24,1
user_80 _ 2021-03-25,1
user_80 _ 2021-03-28,1
user_80 _ 2021-03-29,1
user_81 _ 2021-03-16,1
user_81 _ 2021-03-17,1
user_81 _ 2021-03-18,1
user_81 _ 2021-03-19,1
user_81 _ 2021-03-20,1
user_81 _ 2021-03-21,1
user_81 _ 2021-03-23,1
user_81 _ 2021-03-24,1
user_81 _ 2021-03-25,1
user_81 _ 2021-03-28,1
user_81 _ 2021-03-29,1
user_81 _ 2021-03-30,1
user_81 _ 2021-03-31,1
user_82 _ 2021-03-16,8
user_82 _ 2021-03-17,8
user_82 _ 2021-03-18,8
user_82 _ 2021-03-19,8
user_82 _ 2021-03-22,8
user_82 _ 2021-03-23,8
user_83 _ 2021-03-18,3
user_83 _ 2021-03-19,6
user_83 _ 2021-03-20,6
user_83 _ 2021-03-21,1
user_83 _ 2021-03-22,3
user_83 _ 2021-03-23,1
user_83 _ 2021-03-24,1
user_83 _ 2021-03-26,3
user_83 _ 2021-03-28,1
user_83 _ 2021-03-29,1
user_83 _ 2021-03-30,1
user_83 _ 2021-04-01,3
user_84 _ 2021-03-17,8
user_84 _ 2021-03-18,8
user_84 _ 2021-03-19,1
user_84 _ 2021-03-20,3
user_84 _ 2021-03-23,8
user_84 _ 2021-03-24,8
user_84 _ 2021-03-25,8
user_84 _ 2021-03-26,8
user_84 _ 2021-03-27,3
user_84 _ 2021-03-28,1
user_84 _ 2021-03-29,8
user_84 _ 2021-03-30,6
user_84 _ 2021-03-31,8
user_85 _ 2021-03-18,1
user_85 _ 2021-03-23,1
user_85 _ 2021-03-24,1
user_85 _ 2021-03-25,1
user_85 _ 2021-03-26,1
user_85 _ 2021-03-27,1
user_85 _ 2021-03-29,1
user_85 _ 2021-03-30,1
user_85 _ 2021-03-31,1
user_87 _ 2021-03-19,1
user_87 _ 2021-03-20,1
user_87 _ 2021-03-21,1
user_87 _ 2021-03-22,1
user_87 _ 2021-03-24,1
user_87 _ 2021-03-25,1
user_87 _ 2021-03-26,2
user_87 _ 2021-03-28,2
user_87 _ 2021-03-30,1
user_87 _ 2021-03-31,1
user_87 _ 2021-04-01,1
user_87 _ 2021-04-02,1
user_87 _ 2021-04-04,1
user_87 _ 2021-04-06,1
user_87 _ 2021-04-07,1
user_89 _ 2021-03-19,8
user_89 _ 2021-03-20,8
user_89 _ 2021-03-21,3
user_89 _ 2021-03-23,8
user_89 _ 2021-03-24,8
user_89 _ 2021-03-25,8
user_89 _ 2021-03-26,8
user_89 _ 2021-03-27,8
user_89 _ 2021-03-28,1
user_89 _ 2021-03-29,3
user_89 _ 2021-03-30,8
user_89 _ 2021-03-31,8
user_89 _ 2021-04-01,8
user_89 _ 2021-04-04,3
user_89 _ 2021-04-05,6
user_89 _ 2021-04-06,8
user_91 _ 2021-03-20,1
user_91 _ 2021-03-21,1
user_91 _ 2021-03-23,1
user_91 _ 2021-03-26,1
user_91 _ 2021-03-28,1
user_91 _ 2021-03-29,1
user_91 _ 2021-03-31,1
user_91 _ 2021-04-01,1
user_91 _ 2021-04-04,1
user_91 _ 2021-04-05,1
user_92 _ 2021-03-19,8
user_92 _ 2021-03-20,6
user_92 _ 2021-03-21,3
user_92 _ 2021-03-22,8
user_92 _ 2021-03-23,8
user_92 _ 2021-03-24,8
user_92 _ 2021-03-26,8
user_92 _ 2021-03-27,1
user_92 _ 2021-03-28,1
user_92 _ 2021-03-29,3
user_92 _ 2021-03-30,1
user_92 _ 2021-04-01,1
user_92 _ 2021-04-02,8
user_92 _ 2021-04-03,1
user_93 _ 2021-03-19,1
user_93 _ 2021-03-20,3
user_93 _ 2021-03-21,1
user_93 _ 2021-03-24,1
user_93 _ 2021-03-25,1
user_93 _ 2021-03-26,1
user_93 _ 2021-03-27,1
user_93 _ 2021-03-30,1
user_93 _ 2021-04-01,1
user_93 _ 2021-04-02,1
user_93 _ 2021-04-03,1
user_94 _ 2021-03-21,8
user_94 _ 2021-03-22,7
user_94 _ 2021-03-24,1
user_94 _ 2021-03-29,1
user_94 _ 2021-03-31,1
user_94 _ 2021-04-01,1
user_94 _ 2021-04-02,1
user_94 _ 2021-04-03,8
user_94 _ 2021-04-04,3
user_94 _ 2021-04-05,1
user_94 _ 2021-04-07,6
user_94 _ 2021-04-08,1
user_96 _ 2021-03-20,1
user_96 _ 2021-03-21,1
user_96 _ 2021-03-22,1
user_96 _ 2021-03-24,1
user_96 _ 2021-03-25,1
user_96 _ 2021-03-26,1
user_96 _ 2021-03-27,1
user_96 _ 2021-03-28,1
user_96 _ 2021-03-29,1
user_96 _ 2021-03-31,1
user_96 _ 2021-04-01,1
user_96 _ 2021-04-02,1
user_99 _ 2021-03-23,3
user_99 _ 2021-03-24,8
user_99 _ 2021-03-25,8
user_99 _ 2021-03-26,8
user_99 _ 2021-03-28,8
user_99 _ 2021-03-31,1
user_99 _ 2021-04-01,8
user_99 _ 2021-04-02,8
user_99 _ 2021-04-03,8
user_99 _ 2021-04-04,8
user_99 _ 2021-04-05,8
user_99 _ 2021-04-06,8
user_109 _ 2021-03-29,8
user_109 _ 2021-04-07,8
user_109 _ 2021-04-11,3
user_109 _ 2021-04-21,8
user_109 _ 2021-04-05,1
user_109 _ 2021-04-03,1
user_109 _ 2021-03-30,1
user_109 _ 2021-04-02,1
user_109 _ 2021-04-06,8
user_109 _ 2021-04-20,8
user_109 _ 2021-04-01,8
user_109 _ 2021-04-08,8
user_109 _ 2021-04-12,8
user_109 _ 2021-04-10,3
user_109 _ 2021-04-18,1
user_109 _ 2021-04-14,8
user_109 _ 2021-03-31,8
user_109 _ 2021-04-16,1
user_109 _ 2021-04-22,6
user_109 _ 2021-04-19,8
user_137 _ 2021-04-27,1
user_137 _ 2021-04-25,1
user_137 _ 2021-04-30,4
user_137 _ 2021-04-21,1
user_137 _ 2021-04-23,3
user_137 _ 2021-04-19,1
user_137 _ 2021-04-22,1
user_137 _ 2021-04-24,1
user_137 _ 2021-04-17,7
user_137 _ 2021-04-18,7
user_137 _ 2021-04-26,1
user_137 _ 2021-04-10,7
user_137 _ 2021-05-02,2
user_137 _ 2021-04-20,1
user_137 _ 2021-04-28,1
user_137 _ 2021-04-29,3
user_137 _ 2021-04-11,7
user_137 _ 2021-04-09,5
user_15 _ 2021-03-02,1
user_15 _ 2021-03-15,1
user_15 _ 2021-04-03,1
user_15 _ 2021-03-18,1
user_15 _ 2021-02-28,1
user_15 _ 2021-03-26,1
user_15 _ 2021-02-25,1
user_15 _ 2021-04-06,1
user_15 _ 2021-03-24,1
user_15 _ 2021-03-23,1
user_15 _ 2021-03-19,1
user_15 _ 2021-02-26,1
user_15 _ 2021-03-28,1
user_15 _ 2021-02-21,1
user_15 _ 2021-02-22,1
user_15 _ 2021-04-05,6
user_15 _ 2021-03-17,1
user_15 _ 2021-04-04,1
user_15 _ 2021-03-07,1
user_15 _ 2021-03-20,1
user_156 _ 2021-04-27,8
user_156 _ 2021-05-05,1
user_156 _ 2021-04-16,8
user_156 _ 2021-04-29,8
user_156 _ 2021-05-03,8
user_156 _ 2021-04-30,8
user_156 _ 2021-04-23,8
user_156 _ 2021-04-21,1
user_156 _ 2021-05-06,8
user_156 _ 2021-04-15,1
user_156 _ 2021-04-24,3
user_156 _ 2021-05-01,1
user_156 _ 2021-04-28,1
user_156 _ 2021-05-07,8
user_156 _ 2021-04-26,8
user_156 _ 2021-05-04,8
user_156 _ 2021-04-18,1
user_156 _ 2021-04-14,1
user_156 _ 2021-04-17,6
user_156 _ 2021-05-08,8
user_158 _ 2021-05-13,8
user_158 _ 2021-05-04,1
user_158 _ 2021-05-11,8
user_158 _ 2021-05-05,8
user_158 _ 2021-04-29,8
user_158 _ 2021-05-01,6
user_158 _ 2021-05-02,3
user_158 _ 2021-04-28,8
user_158 _ 2021-05-03,3
user_158 _ 2021-05-12,8
user_158 _ 2021-04-25,1
user_159 _ 2021-04-20,1
user_159 _ 2021-05-07,3
user_159 _ 2021-05-01,1
user_159 _ 2021-04-29,4
user_159 _ 2021-04-26,1
user_159 _ 2021-04-23,1
user_159 _ 2021-04-30,2
user_159 _ 2021-05-08,1
user_159 _ 2021-04-28,3
user_159 _ 2021-04-19,1
user_159 _ 2021-04-25,1
user_159 _ 2021-05-06,1
user_159 _ 2021-05-05,3
user_159 _ 2021-05-04,1
user_159 _ 2021-04-21,1
user_159 _ 2021-04-22,1
user_159 _ 2021-04-17,1
user_159 _ 2021-04-18,1
user_159 _ 2021-05-09,1
user_159 _ 2021-04-24,1
user_171 _ 2021-04-28,1
user_171 _ 2021-05-10,1
user_171 _ 2021-05-02,5
user_171 _ 2021-05-23,2
user_171 _ 2021-05-20,1
user_171 _ 2021-05-04,1
user_171 _ 2021-04-29,1
user_171 _ 2021-05-21,5
user_171 _ 2021-04-30,6
user_171 _ 2021-05-05,1
user_171 _ 2021-05-01,5
user_171 _ 2021-05-24,1
user_171 _ 2021-05-12,6
user_171 _ 2021-05-06,1
user_171 _ 2021-04-24,5
user_171 _ 2021-05-14,6
user_171 _ 2021-06-02,1
user_171 _ 2021-05-08,6
user_179 _ 2021-06-05,1
user_179 _ 2021-05-19,1
user_179 _ 2021-05-17,1
user_179 _ 2021-06-02,1
user_179 _ 2021-04-27,1
user_179 _ 2021-05-18,1
user_179 _ 2021-05-11,1
user_179 _ 2021-05-06,1
user_179 _ 2021-04-30,1
user_179 _ 2021-05-10,5
user_179 _ 2021-05-08,2
user_179 _ 2021-06-03,1
user_179 _ 2021-05-12,1
user_179 _ 2021-05-24,1
user_179 _ 2021-05-03,1
user_179 _ 2021-05-27,1
user_179 _ 2021-05-01,1
user_19 _ 2021-03-15,8
user_19 _ 2021-02-26,8
user_19 _ 2021-03-12,8
user_19 _ 2021-02-27,1
user_19 _ 2021-04-03,1
user_19 _ 2021-03-14,1
user_19 _ 2021-03-16,8
user_19 _ 2021-03-21,1
user_19 _ 2021-03-28,5
user_19 _ 2021-04-04,1
user_19 _ 2021-04-01,8
user_19 _ 2021-04-05,8
user_19 _ 2021-04-02,8
user_19 _ 2021-03-07,1
user_19 _ 2021-03-13,3
user_19 _ 2021-03-19,8
user_19 _ 2021-03-08,8
user_19 _ 2021-03-11,8
user_19 _ 2021-03-20,1
user_19 _ 2021-03-22,8
user_32 _ 2021-03-10,6
user_32 _ 2021-03-26,8
user_32 _ 2021-03-28,1
user_32 _ 2021-03-17,3
user_32 _ 2021-03-14,1
user_32 _ 2021-03-08,6
user_32 _ 2021-03-27,3
user_32 _ 2021-03-20,1
user_32 _ 2021-03-22,8
user_32 _ 2021-03-11,6
user_32 _ 2021-03-19,3
user_32 _ 2021-03-24,8
user_32 _ 2021-03-07,1
user_32 _ 2021-03-18,1
user_32 _ 2021-03-09,6
user_32 _ 2021-03-15,1
user_32 _ 2021-03-12,8
user_32 _ 2021-03-21,6
user_40 _ 2021-03-04,1
user_40 _ 2021-03-23,1
user_40 _ 2021-04-11,8
user_40 _ 2021-03-17,8
user_40 _ 2021-03-30,8
user_40 _ 2021-02-28,8
user_40 _ 2021-03-03,1
user_40 _ 2021-03-05,1
user_40 _ 2021-03-29,1
user_40 _ 2021-03-09,8
user_40 _ 2021-03-06,8
user_40 _ 2021-04-08,1
user_40 _ 2021-04-21,8
user_40 _ 2021-02-25,1
user_40 _ 2021-03-31,8
user_40 _ 2021-04-06,8
user_40 _ 2021-03-02,8
user_40 _ 2021-04-15,6
user_40 _ 2021-03-21,8
user_40 _ 2021-04-16,1
user_52 _ 2021-06-12,1
user_52 _ 2021-03-26,8
user_52 _ 2021-03-17,8
user_52 _ 2021-05-31,1
user_52 _ 2021-05-02,6
user_52 _ 2021-05-15,6
user_52 _ 2021-04-24,5
user_52 _ 2021-05-24,8
user_52 _ 2021-03-29,8
user_52 _ 2021-03-22,8
user_52 _ 2021-05-13,8
user_52 _ 2021-04-05,8
user_52 _ 2021-04-22,8
user_52 _ 2021-03-12,8
user_52 _ 2021-03-14,1
user_52 _ 2021-04-12,8
user_52 _ 2021-05-09,1
user_52 _ 2021-06-11,1
user_52 _ 2021-04-16,8
user_52 _ 2021-05-11,8
user_57 _ 2021-05-24,6
user_57 _ 2021-04-07,1
user_57 _ 2021-06-13,1
user_57 _ 2021-06-09,5
user_57 _ 2021-06-02,5
user_57 _ 2021-03-23,1
user_57 _ 2021-05-17,6
user_57 _ 2021-05-29,6
user_57 _ 2021-06-11,5
user_57 _ 2021-05-30,1
user_57 _ 2021-06-19,1
user_57 _ 2021-04-10,1
user_57 _ 2021-05-15,1
user_57 _ 2021-05-21,6
user_57 _ 2021-05-04,6
user_57 _ 2021-03-13,1
user_57 _ 2021-03-11,1
user_57 _ 2021-03-12,1
user_57 _ 2021-05-13,5
user_57 _ 2021-06-14,6
user_78 _ 2021-03-20,2
user_78 _ 2021-03-29,7
user_78 _ 2021-04-02,8
user_78 _ 2021-04-01,1
user_78 _ 2021-04-13,1
user_78 _ 2021-03-23,4
user_78 _ 2021-04-14,8
user_78 _ 2021-03-22,8
user_78 _ 2021-04-15,2
user_78 _ 2021-03-30,7
user_78 _ 2021-03-21,5
user_88 _ 2021-03-27,1
user_88 _ 2021-04-11,1
user_88 _ 2021-04-13,6
user_88 _ 2021-04-14,8
user_88 _ 2021-03-29,1
user_88 _ 2021-03-23,8
user_88 _ 2021-04-08,1
user_88 _ 2021-04-20,8
user_88 _ 2021-04-18,6
user_88 _ 2021-04-17,6
user_88 _ 2021-03-25,8
user_88 _ 2021-03-22,8
user_88 _ 2021-03-20,1
user_88 _ 2021-04-09,8
user_88 _ 2021-04-12,1
user_88 _ 2021-04-10,5
user_88 _ 2021-04-04,1
user_88 _ 2021-04-01,6
user_88 _ 2021-03-30,3
user_88 _ 2021-03-26,8
user_98 _ 2021-06-09,4
user_98 _ 2021-04-11,4
user_98 _ 2021-04-30,4
user_98 _ 2021-04-12,4
user_98 _ 2021-04-04,4
user_98 _ 2021-04-09,4
user_98 _ 2021-03-23,4
